id,target_nitrate,target_nitrate_ub,target_nitrate_lb
1,41.85,42.13,41.44
2,16.04,16.41,15.26
3,34.02,34.08,33.23
4,34.91,35.19,34.1
5,22.85,23.43,22.39
6,35.07,35.12,34.08
7,20.79,21.63,20.46
8,15.16,15.81,14.61
9,43.83,44.33,43.19
10,5.95,6.55,4.96
11,45.09,45.34,44.8
12,47.66,47.99,47.23
13,35.18,35.59,35.06
14,25.79,26.14,25.12
15,22.47,22.98,21.76
16,42.11,43,41.92
17,5.52,6.49,4.54
18,43.16,43.4,42.84
19,6.55,7.02,6.48
20,14.77,15.42,13.78
21,2.36,2.77,2.12
22,5.6,6.2,5.57
23,34.02,34.14,33.9
24,42.5,42.93,41.74
25,39.87,40.6,39.16
26,14.62,14.9,14.35
27,30.76,31.23,29.85
28,40.78,41.43,40.15
29,0.03,0.27,-0.93
30,1.06,1.53,0.27
31,22.06,22.79,21.42
32,14.51,15.23,14.16
33,8.81,9.39,8.58
34,48.67,48.94,48.24
35,33.76,34.27,33.14
36,34.05,34.2,33.43
37,2.71,3.37,2.35
38,48.31,49.2,48.16
39,1.11,1.68,0.57
40,32.37,33.25,32.13
41,43.64,44.37,42.64
42,45.52,45.96,44.61
43,31.19,32.03,30.37
44,19.6,19.82,18.88
45,42.57,43.1,42.16
46,22.41,22.86,21.74
47,20.78,21.08,19.8
48,13.96,14.04,13.63
49,32.72,33.07,31.83
50,32.52,33.52,31.92
51,3.07,3.12,2.53
52,37.05,37.08,36.17
53,22.65,23.44,22.13
54,24.47,25.47,24.42
55,37.66,38.49,36.84
56,35.79,35.88,35.67
57,1,1.94,0.81
58,9.6,10,9.16
59,22.82,23.08,22.25
60,13.91,13.94,13.74
61,3.75,4.62,3.43
62,21.33,21.77,20.8
63,18.62,18.72,18.46
64,31.97,32.87,31.03
65,15.33,16.14,15.21
66,40.74,41.36,40.11
67,44.29,45.28,43.37
68,35.94,36.54,35.6
69,15.44,16.02,15.22
70,14.36,15.27,14.09
71,32.58,33.49,31.89
72,9.92,10.1,8.97
73,31.6,32.17,30.82
74,22.2,22.76,21.79
75,15.62,15.82,14.85
76,35.43,36,34.87
77,14.2,14.45,13.86
78,1.79,2.54,1.46
79,33.29,33.49,33.21
80,11.02,11.28,10.36
81,9.57,10.47,8.62
82,12.27,12.79,11.42
83,24.91,25.09,24.1
84,0.88,1.16,0.57
85,34.49,34.85,33.68
86,24.15,24.94,23.82
87,48.79,49.44,47.93
88,15.39,15.42,14.96
89,5.78,6.67,5.34
90,42.94,43.23,42.77
91,27.59,28.07,27.05
92,45.46,45.48,45.13
93,31.45,32.11,30.71
94,1.97,2.69,1.63
95,37.4,37.57,36.43
96,9.16,9.71,8.51
97,36.93,37.66,35.97
98,25.34,25.58,24.97
99,48.69,49.64,47.73
100,28.53,29.35,28.08
101,14.48,15.41,14.42
102,33.53,33.65,32.66
103,11.1,11.13,10.96
104,26.52,26.63,26.19
105,12.95,13.67,11.99
106,41.23,41.27,40.86
107,7.6,7.84,7.34
108,3.21,3.61,2.26
109,12.4,12.46,12.15
110,40.15,40.74,40.03
111,3.79,4.44,2.99
112,30.98,31.64,30.48
113,40.74,41.17,39.91
114,4.4,4.87,4.06
115,20.28,20.8,19.43
116,45.17,45.75,44.49
117,42.07,42.91,41.56
118,8.41,8.83,8.22
119,24.35,25.2,23.78
120,13.04,13.1,12.53
121,47.22,47.43,46.29
122,3.18,4.01,2.36
123,40.26,41.03,39.77
124,6.07,6.66,5.58
125,35.24,35.27,34.98
126,0.78,1.61,-0.09
127,28.48,28.8,27.86
128,40.61,41.53,40.4
129,47.51,47.88,47.18
130,49.77,50.61,49.46
131,22.44,22.8,22.44
132,0.71,0.86,0.01
133,1.15,1.79,0.37
134,22.36,22.95,21.48
135,38.13,38.17,37.48
136,33.98,34.31,33.35
137,34.43,34.48,33.94
138,4.62,5.36,4.28
139,0.85,1.69,0.81
140,30.03,30.07,29.81
141,43.55,43.83,43.26
142,17.51,17.84,17.04
143,5.67,5.81,4.86
144,23.2,23.22,22.57
145,30.82,31.21,30.39
146,49.72,50.3,49.57
147,26.5,27.2,25.73
148,13.04,13.88,12.47
149,28.89,29.48,27.92
150,18.95,19.02,18.05
151,18.86,19.46,18.31
152,22.14,22.21,21.58
153,46.12,47,45.7
154,9.07,9.36,8.15
155,37.64,37.84,37.26
156,21.86,22.59,21.67
157,7.47,7.49,6.65
158,0.67,1.27,-0.13
159,25.31,25.39,24.59
160,8.37,9.03,7.92
161,5.34,5.93,4.92
162,38.37,39.28,38.2
163,41.97,42.34,41.67
164,8.4,8.69,7.42
165,40.31,40.35,39.73
166,39.93,40.45,39.86
167,1.98,2.07,1.24
168,31.1,31.81,30.65
169,27.96,28.59,27.2
170,19.41,20.03,19.12
171,43.33,43.84,42.83
172,35.67,36.53,35.65
173,21.37,21.39,21.29
174,40.72,41.11,40
175,19.96,20.15,19.71
176,31.85,32.27,31.46
177,20.05,20.42,19.93
178,0.44,1.09,0.09
179,39.65,39.82,39.25
180,28.97,29.33,28.33
181,5.49,6.28,4.79
182,46.42,47.15,46.04
183,15.06,15.43,14.62
184,37.22,37.62,36.51
185,12.02,12.14,11.94
186,49.71,50.46,48.76
187,37.7,38.42,37.18
188,37.17,37.41,36.49
189,35.4,36.25,35.4
190,6.29,6.48,6.05
191,0.97,0.99,0.65
192,1.34,1.73,0.36
193,6.09,6.42,5.27
194,4.05,4.5,3.53
195,5.96,6.04,5.26
196,2.18,2.38,1.55
197,24.41,25.19,23.62
198,24.03,24.79,23.79
199,43.76,44.24,42.82
200,45.78,46.62,45.7
201,49.32,49.63,48.83
202,1.52,1.98,0.82
203,33.5,33.68,32.65
204,5.99,6.66,5.73
205,42.58,42.93,42.15
206,1.86,1.95,1.19
207,27.5,27.93,27.12
208,20.33,21.06,19.74
209,5.14,5.37,4.85
210,41.9,42.29,41.81
211,32.3,32.49,31.71
212,44.62,45.48,43.64
213,21.04,21.12,20.31
214,23.07,23.28,23
215,43.8,44.45,43.49
216,22.55,22.94,22.1
217,14.36,14.62,13.72
218,40.35,41.07,39.42
219,6.38,7.07,6.2
220,7.25,7.45,7.16
221,4.9,5.64,3.91
222,27.85,28.46,27.32
223,43.48,43.61,42.55
224,24.83,25.8,24.29
225,12.08,12.47,11.81
226,43.2,43.95,43.09
227,24.42,24.43,23.98
228,47.98,48.49,47.28
229,13.3,13.53,13.16
230,23.98,24.38,23.07
231,1.68,2.47,1.61
232,8.99,9.29,8.67
233,48.58,48.82,48.16
234,14.3,14.77,13.56
235,35.1,35.16,34.21
236,46.54,46.78,46.41
237,19.78,20.36,19.02
238,7.08,7.85,6.81
239,40.89,41.36,40.68
240,46.84,47.36,46.12
241,19.77,20.1,19.33
242,1.98,2.25,1.38
243,18.56,18.6,18.45
244,20.39,21.32,20.17
245,4.81,5.21,4.68
246,7.15,7.72,6.87
247,21.09,21.57,20.26
248,41.14,41.8,40.19
249,11.92,12.34,11.24
250,39.71,39.87,38.88
251,25.58,25.73,25.21
252,7.12,7.63,6.84
253,7.08,8.04,6.18
254,25.43,25.65,25.11
255,6.87,7.83,6.79
256,20.7,21,19.72
257,14.23,14.62,13.65
258,14.88,15.11,14.75
259,34.92,35.15,34.25
260,0.17,0.85,-0.02
261,8.3,8.46,7.83
262,3.1,3.68,2.35
263,27.66,28.3,27.23
264,36.07,36.33,35.99
265,12.9,13.04,12.7
266,29.12,29.53,28.87
267,25.73,25.87,25.19
268,9.73,10.1,8.89
269,47.73,48.02,47.2
270,49.4,49.99,48.79
271,9.98,10.91,9.04
272,4.06,4.46,3.17
273,5.75,5.85,5.12
274,2.85,3.78,2.31
275,35.06,35.92,34.09
276,23.25,23.81,23.08
277,31.39,31.87,30.98
278,5.94,5.98,5.06
279,19.11,19.14,18.98
280,49.41,49.56,49.09
281,35.47,36.32,35.3
282,29.39,29.41,28.76
283,5.31,5.85,4.75
284,28.23,29.21,27.99
285,10.64,11.01,10.63
286,18.24,19.15,17.43
287,47.97,48.54,47
288,49.33,49.73,48.7
289,40.31,41.17,39.71
290,1.92,2.38,1.41
291,38.38,39.09,37.52
292,42.91,43.08,41.95
293,47.93,48.03,47.87
294,36.81,36.89,35.9
295,27.75,27.8,26.88
296,19.15,19.63,18.7
297,40.42,40.77,39.6
298,36.92,37.48,36.39
299,42.66,43.39,42.38
300,9.44,9.98,8.65
301,6.38,6.98,5.73
302,31.54,31.86,31.19
303,24.13,24.61,23.81
304,35.12,35.94,34.15
305,49.58,49.97,48.94
306,4.59,4.99,4.43
307,44.67,45.66,44.55
308,30.06,30.19,29.46
309,11.07,11.45,11.06
310,41.87,42.45,41.01
311,0.08,0.79,-0.3
312,13.65,13.79,13.47
313,31.45,31.7,30.59
314,17.64,18.29,17.15
315,18.99,19.76,18.96
316,3.1,3.43,2.24
317,11.9,12.74,11.46
318,49.63,49.75,48.73
319,30.75,31.34,30.1
320,2.4,2.47,2.04
321,47.95,48.42,47.37
322,32.29,33.28,31.92
323,24.95,25.12,24.83
324,45.76,46.62,45.67
325,24.91,24.95,24.78
326,19.75,20.71,18.84
327,47.04,47.06,46.74
328,48.11,48.68,47.35
329,17.59,18.31,16.73
330,9.55,9.82,9.42
331,13.17,13.51,12.55
332,48.89,49.86,48.29
333,27.72,28.27,27.51
334,36.1,36.56,35.68
335,2.11,2.51,1.55
336,26.88,27.67,26.28
337,44.47,45.39,43.83
338,45.15,45.35,44.25
339,49.3,49.33,48.94
340,45.56,45.69,45.29
341,17.81,18.13,17.36
342,30.15,30.69,29.46
343,41.14,42.02,40.63
344,46.06,46.91,45.21
345,15.61,16.28,15.05
346,19.76,20.02,18.87
347,29.11,30.02,28.75
348,19.09,20,18.8
349,32.74,33.5,31.85
350,26.72,27.3,26.59
351,43.81,44.24,43.45
352,26.45,27.32,25.65
353,44.65,45.16,43.8
354,38.75,39.7,38.42
355,28.29,29.06,27.49
356,11.16,11.51,10.29
357,38.14,38.34,37.48
358,41.23,41.53,40.38
359,17.63,18.57,17.16
360,35.07,35.87,34.91
361,37.83,38.4,37.64
362,3.46,4.25,2.53
363,30.02,30.81,29.74
364,34.04,34.25,33.54
365,37.43,38,36.56
366,40.82,41.09,40.61
367,12.65,13.15,11.8
368,28.97,29.06,28.25
369,17.69,18.63,17.49
370,34.43,34.99,34.33
371,38.7,39.01,37.74
372,45.62,45.83,45.44
373,42.03,42.45,41.84
374,1.28,1.68,0.55
375,17.97,18.83,17.93
376,31.94,32.85,31.5
377,12.57,13.22,12.53
378,2.58,2.89,1.83
379,34.19,34.24,34.04
380,7.46,7.53,6.64
381,13.9,14.76,13.31
382,15.47,15.99,14.53
383,7.4,7.7,6.74
384,34.68,35.21,33.93
385,35.53,36.06,34.89
386,21.06,21.84,20.25
387,42.83,43.01,42.53
388,31.62,31.81,31.36
389,45.05,45.37,44.49
390,18.91,18.95,18.5
391,36.01,36.31,35.13
392,8.77,9.55,7.88
393,44.85,44.96,44.2
394,6.48,6.87,6.15
395,34.37,34.96,34.13
396,43.34,44.11,42.79
397,49.46,49.49,48.62
398,44.74,44.94,44.71
399,1.75,2.45,1.65
400,38.05,38.48,37.99
401,25.04,25.65,24.76
402,44.3,44.75,44.01
403,34.14,34.36,34.13
404,49.45,50.37,48.58
405,10.92,11.13,10.57
406,2.78,3.31,2.32
407,29.07,29.36,29.05
408,28.31,29.27,27.57
409,42.34,43.21,41.5
410,37.86,38.77,37.39
411,7.81,8.8,6.94
412,20.38,20.85,20.19
413,11.3,11.65,11.2
414,23.77,23.84,23.67
415,27.87,28.36,27.7
416,40.22,40.79,40.09
417,40.54,40.83,40.44
418,20.05,20.97,19.06
419,33.34,33.89,33.1
420,3.56,3.76,2.93
421,12.24,12.74,11.33
422,49.64,49.74,49.19
423,35.6,35.85,34.73
424,40.98,41.34,40.78
425,14.32,15.16,13.93
426,49.31,50.26,48.55
427,0.15,0.5,-0.29
428,15.82,16.06,15.42
429,36.99,37.11,36.66
430,49.24,49.82,48.94
431,32.76,33.09,32.23
432,12.14,12.64,11.2
433,37.88,38.82,37.57
434,31.28,32.24,31.1
435,34.97,35.31,34.47
436,45.83,46.1,45.38
437,13.77,14.24,13.31
438,45.74,46.31,44.96
439,42.99,43.58,42.04
440,27.16,27.21,26.95
441,12.86,13.31,12.78
442,23.77,24.55,22.98
443,46.63,47.11,45.9
444,12.27,12.78,12.15
445,27.67,28.1,27.07
446,44.02,44.75,43.94
447,23.53,24.47,23.27
448,23.51,23.68,23.29
449,25.52,26.25,25.19
450,6.73,7.03,6.22
451,29.73,30.56,28.89
452,38.24,39.03,37.86
453,23.31,23.48,22.81
454,13.81,13.82,13.05
455,33.84,34.77,33.05
456,21.02,21.79,20.78
457,19.95,20.28,19.41
458,35.35,36.19,34.6
459,36.55,37.17,36.48
460,40.1,41.07,40.07
461,45.55,45.96,45.12
462,13.42,13.76,12.95
463,37.52,38.11,36.54
464,18.65,19.06,17.95
465,20.65,21.51,20.5
466,17.13,18.03,16.14
467,17.73,17.94,16.8
468,31.29,32.26,30.51
469,24.36,25.26,23.56
470,0.97,1.16,0.77
471,26.74,27.19,26
472,3.28,4.06,2.38
473,23.73,23.99,23.14
474,12.73,13.29,12.47
475,15.15,15.87,14.32
476,11.76,12.68,10.9
477,26.56,27,25.89
478,36.09,36.24,35.68
479,8.98,9.29,8.2
480,41.53,42.49,40.88
481,29.3,29.42,29.16
482,39.09,39.65,38.24
483,43.13,43.76,42.93
484,18.75,19.01,18.22
485,45.69,46.67,44.9
486,6.29,7.07,5.66
487,43.58,43.64,43.45
488,24.14,25.06,23.7
489,9.07,9.17,8.66
490,21.64,22.09,21.63
491,48.54,49.45,47.56
492,45.78,46.16,45.06
493,14.31,14.95,14.01
494,39.7,40.33,39.34
495,30.09,30.16,29.52
496,43.07,43.34,42.35
497,6.55,7.13,5.56
498,42.78,43.17,42.61
499,28.04,28.39,27.06
500,40.16,40.48,39.6
501,47.91,48.68,47.71
502,21.75,22.29,21.3
503,28.42,28.75,28
504,15.12,15.57,14.46
505,42.38,43.31,41.54
506,2.04,2.24,1.8
507,19.53,19.95,18.79
508,22.96,23.42,22.79
509,30.36,30.65,30.12
510,42.76,43.24,42.6
511,2.89,3.45,2.48
512,4.48,5.38,4.29
513,27.94,28.48,27.32
514,42,42.94,41.51
515,21.8,22.21,21.43
516,8.17,8.69,7.19
517,35.48,35.79,34.72
518,24.45,24.54,23.95
519,6.24,6.89,5.5
520,47.79,48.75,46.8
521,20.28,21.02,19.56
522,40.6,40.76,40.01
523,18.28,18.78,17.41
524,47.84,48.33,47.51
525,35.09,35.63,35
526,35.38,36.21,35.02
527,11.24,11.35,10.74
528,28.8,29.12,28.45
529,0.28,0.76,-0.04
530,12.72,12.83,12.51
531,36.43,36.44,36.07
532,42.83,43.77,41.94
533,16.23,16.67,16.13
534,30.35,30.87,29.81
535,38.35,39.02,38.1
536,1.93,2,1.48
537,35.27,36.16,35.11
538,15.28,15.41,14.72
539,41.13,42.05,40.91
540,26.76,27.38,26.67
541,40.73,41.4,40.62
542,26.26,26.37,26.1
543,21.44,21.74,20.47
544,32.93,33.48,31.96
545,4.49,5.37,3.53
546,31.83,31.95,31.06
547,10.38,11.2,9.94
548,5.66,6.08,5.21
549,35.81,36.52,35.39
550,31.69,31.88,31.47
551,25.61,26.08,24.79
552,26.82,26.86,26.42
553,13.38,14.23,12.77
554,45.27,45.73,44.84
555,2.81,3.61,2.45
556,27.36,28,26.64
557,8.74,8.96,8.6
558,39,39.04,38.87
559,22.64,23.34,22.6
560,41.9,41.96,41.9
561,37.35,38.34,36.91
562,26.55,27.05,25.79
563,29.74,30.17,28.87
564,31.67,32.56,31.24
565,45.68,46,45.38
566,3.97,4.3,3.04
567,29.42,30.12,28.51
568,7.97,8.56,7.89
569,36.46,37.35,36.06
570,39.45,39.55,38.66
571,17.38,17.51,16.7
572,29.2,29.95,28.71
573,10.9,11.83,10.33
574,0.62,1.32,-0.09
575,26.27,26.8,25.67
576,17.66,18.12,16.96
577,43.19,43.69,42.84
578,8.79,9.66,8.52
579,49.72,50.56,49.16
580,39.86,40.72,39.48
581,12.26,12.63,12.25
582,1.37,1.54,0.63
583,39.46,40.34,39.12
584,19.63,20.35,18.75
585,47.57,48.32,46.77
586,34.91,35.11,34.84
587,16.92,17.83,16.45
588,25.78,26.78,25.43
589,31.62,32.1,31.34
590,31.54,31.58,30.9
591,37.98,38.43,37.05
592,0.21,1.17,-0.02
593,45.27,45.39,45.15
594,42.96,43.96,42.75
595,5.48,5.64,5.09
596,45.68,46.51,44.8
597,5.06,5.54,4.58
598,35.75,35.9,34.81
599,27.71,27.84,27.65
600,32.52,32.65,32.05
601,38.08,38.86,37.19
602,39.56,39.72,38.72
603,13.18,13.23,12.32
604,32.9,33.44,32.9
605,18.76,19.61,18.62
606,36,36.08,35.29
607,42.86,43.03,42.48
608,13.51,13.9,13.16
609,47.22,47.55,46.62
610,41.01,41.66,40.59
611,33.67,33.83,32.69
612,36.13,37.05,35.82
613,22.85,23.39,22.71
614,20.01,20.7,19.72
615,38.14,38.88,37.73
616,48.92,49.61,48.59
617,28.57,29.26,28.26
618,19.1,19.19,18.53
619,45.32,46.01,44.61
620,35.54,36.34,34.91
621,32.58,33.33,31.76
622,23.04,23.76,22.76
623,4.55,4.85,3.98
624,3.93,4.79,3.36
625,2.69,3.16,2.49
626,42.8,43.58,42.11
627,9.61,10.6,8.81
628,38.42,39.12,37.89
629,49.92,50.6,49.11
630,25.25,25.72,24.9
631,16.83,17.63,16.37
632,47.24,47.82,47.1
633,24.21,24.56,23.69
634,14.87,15.13,14.26
635,25.76,25.84,25.29
636,42.56,43.36,42.3
637,42.57,42.7,41.78
638,24.83,25.23,24.12
639,13.03,14.01,12.48
640,17.37,18.07,17.18
641,7.13,7.74,6.43
642,5.2,5.47,4.27
643,28.96,29.12,28.12
644,28.03,28.73,27.81
645,32.55,32.89,31.64
646,4.69,5.36,3.84
647,12.42,12.84,11.98
648,37.34,37.38,37.03
649,49.8,50.76,49.21
650,20.72,20.89,19.83
651,21.76,22.35,21.32
652,1.54,2.16,0.89
653,7.64,8.26,6.64
654,28.92,29.27,27.95
655,37.68,38.12,37.46
656,42.26,43.09,41.61
657,1.27,1.89,0.36
658,34.56,34.99,34.41
659,17.88,18.62,17.23
660,37.82,37.83,37.54
661,26.67,27.21,25.87
662,30.79,31.07,30.59
663,13.3,13.76,12.71
664,26.49,26.91,25.72
665,45.48,46.05,44.7
666,2.5,3.22,2.45
667,15.81,16.33,15.44
668,25.26,25.77,24.36
669,43.55,43.74,42.99
670,7.09,7.52,6.95
671,3.24,3.59,2.92
672,33.2,33.99,33.13
673,45.74,45.97,45.04
674,27.51,27.87,26.72
675,0.95,1.15,0.11
676,12.56,13.34,11.73
677,25.17,25.23,25.14
678,21.92,22.58,21.2
679,33.55,34.51,32.58
680,41.99,42.29,41.75
681,12.84,13.49,11.91
682,30.25,30.83,30.12
683,2.79,3.59,2.19
684,22.37,23.05,21.57
685,31.42,32.18,30.6
686,23.85,24.6,23.57
687,25.7,25.93,25.58
688,13.06,13.34,12.82
689,38.28,38.74,37.57
690,3.22,3.86,3
691,46.74,46.85,46.65
692,15.73,15.78,14.99
693,6.25,6.29,5.89
694,27.13,27.39,26.29
695,34.2,34.71,34.18
696,9.53,10.12,8.58
697,6.3,6.92,5.89
698,46.86,47.16,46.37
699,45.13,45.81,44.95
700,1.53,1.6,1.27
701,17.06,17.92,16.41
702,30.19,30.6,29.69
703,39.36,39.37,39.12
704,6.33,7.24,5.85
705,38.26,38.73,38.09
706,4.47,5.4,3.71
707,11.21,11.37,10.6
708,16.69,17.61,15.73
709,1.03,1.49,0.7
710,14.49,14.68,14
711,15.27,16.16,14.54
712,42.99,43.34,42.4
713,38.35,38.76,37.55
714,21.15,21.72,20.43
715,39.63,40.2,38.99
716,5.15,5.34,4.17
717,44,44.38,43.67
718,11,11.47,10.23
719,6.76,6.88,6.08
720,35.37,36.25,34.46
721,20.15,20.4,20.06
722,10.82,11.44,10.49
723,35.44,35.51,34.97
724,49.23,49.25,49
725,11.34,11.39,11.33
726,7.3,8.12,7.25
727,12.86,13.34,11.93
728,38.31,39.3,37.74
729,33.53,34.41,32.72
730,32.94,33.35,32.48
731,14.92,15.25,14.15
732,8.35,9.28,7.38
733,28.4,28.67,28.03
734,42.64,42.83,42.6
735,27.32,27.68,26.4
736,3.29,3.41,2.89
737,36.13,36.96,35.91
738,24.8,25.12,24.67
739,11.93,12.4,11.92
740,7.54,8.35,7.09
741,47.97,48.71,47.69
742,6.27,7.07,5.86
743,16.78,17.77,16.07
744,24.87,25.27,24.5
745,17,17.84,16.46
746,39.38,39.63,39.36
747,22.03,22.56,21.19
748,21.6,21.7,21.25
749,25.98,26.9,25.04
750,32.65,33.29,32.25
751,22.42,22.81,21.61
752,29.04,29.24,28.9
753,20.86,21.55,20.6
754,3.65,4.38,3.31
755,16.09,16.33,15.77
756,24.61,24.64,23.9
757,49.5,49.64,49.04
758,3.63,3.67,3.36
759,9.99,10.36,9.69
760,37.29,38.15,36.35
761,28.45,28.55,27.85
762,38.79,39.04,38.32
763,20.17,21.05,19.34
764,26.72,27.52,26
765,30.21,30.45,29.95
766,49.55,49.56,48.83
767,25.62,26.61,25.03
768,23.64,24.3,23.54
769,46.84,47.75,46.78
770,22.08,22.67,21.61
771,32.59,33.57,32.03
772,4.48,5.08,4.19
773,2.66,2.68,2.5
774,1.05,1.12,0.85
775,39.71,40.06,39.05
776,23.85,24.64,23.6
777,22.37,23.11,21.58
778,28.17,28.5,27.72
779,44.31,44.82,44.07
780,48.51,48.87,48.04
781,25.29,25.3,24.91
782,47.77,47.98,47.33
783,38.57,39.31,38.22
784,5.5,6.34,4.6
785,40.71,40.86,40.08
786,18.65,19.18,17.66
787,6.32,6.98,5.69
788,32.14,32.76,31.87
789,46.1,47.08,46.04
790,4.67,5.11,3.98
791,35.48,36.19,35.28
792,29.78,30.56,28.93
793,16.97,17.08,16.14
794,17.69,18.19,17.3
795,21.83,22.51,21.27
796,30.75,30.81,30
797,4.42,4.68,3.83
798,11.12,11.85,10.56
799,21.37,22.19,21.1
800,10.17,10.65,9.56
801,48.86,49.7,48.72
802,8.84,9.53,8.69
803,39.24,39.6,39.19
804,11.04,11.34,11.01
805,28.77,29.76,28.23
806,27.65,28.55,27.5
807,10.17,10.83,9.53
808,21.9,21.92,21.71
809,41.55,42.32,40.58
810,9.05,9.85,8.52
811,0.98,1.81,0.08
812,14.87,15.48,14.36
813,29.86,30.83,29.72
814,24.65,24.67,24.56
815,22.91,23.8,22.4
816,25.66,26.07,24.93
817,31.32,31.95,30.54
818,25.58,26.38,25.44
819,37.98,38.65,37.34
820,16.61,17.42,16.08
821,45.95,46.4,45.3
822,25.04,25.35,24.15
823,26.53,27.45,26.21
824,11.82,12.73,11.01
825,39.7,40.24,39.09
826,13.48,14.25,13.27
827,38.4,38.87,38.04
828,10.26,10.56,9.47
829,38.51,39.07,38.35
830,9.09,9.83,8.09
831,26.53,26.74,26.35
832,28.31,28.55,28.3
833,7,7.77,6.24
834,14.02,14.46,13.23
835,10.53,11.01,9.74
836,11.09,11.46,10.49
837,2.97,3.07,2.11
838,24.31,24.88,23.37
839,36.46,37.1,36.35
840,30.03,30.68,29.44
841,2.15,2.92,1.39
842,18.96,19.1,18.47
843,47.12,47.31,46.16
844,41.44,42.3,40.62
845,22.97,23.45,22.55
846,30.57,30.73,29.89
847,16.63,16.72,15.87
848,19.36,19.94,18.46
849,40.16,40.38,39.91
850,33.83,34.8,33.71
851,19.24,20.06,18.68
852,6,6.36,5.2
853,46.39,46.5,45.54
854,18.2,18.82,17.22
855,4.16,4.74,3.54
856,31.11,31.32,30.29
857,39.49,40.35,38.98
858,27.29,27.99,26.95
859,46.08,46.51,45.58
860,43.22,43.67,42.4
861,49.1,49.5,48.49
862,43.63,44.59,43.39
863,46.29,46.47,46.09
864,18.23,18.76,17.48
865,41.83,42.52,41.53
866,31.5,32.17,30.65
867,8.99,9.18,8.44
868,20.15,20.62,19.31
869,41.97,42.44,41.91
870,19.97,20,19.64
871,41.92,42.53,41.62
872,47.93,48.77,47.5
873,2.58,2.93,1.59
874,11.09,11.23,11.04
875,9.29,9.64,8.69
876,30.53,30.73,29.94
877,13.86,14.76,13.57
878,15.74,16.73,15.26
879,24.74,25.68,23.84
880,30.48,31.08,29.62
881,13.45,14.44,13.26
882,41.37,42.09,40.88
883,47.04,47.37,46.5
884,29.48,29.76,29.4
885,20.74,21.49,19.82
886,23.33,23.52,22.85
887,16.41,17.12,15.56
888,36.65,36.76,36.19
889,35.61,35.86,34.91
890,26.33,26.46,25.35
891,17.22,17.56,16.61
892,22.29,22.6,21.36
893,5.51,6.08,5.31
894,45.41,46.17,45.14
895,15.02,15.36,14.77
896,11.87,12.74,11.29
897,28.74,29.38,28
898,20.61,20.97,20.19
899,17.06,17.32,16.11
900,29.65,29.99,29.51
901,6.49,7.48,5.93
902,23.35,23.64,23.19
903,40.7,40.81,39.84
904,24.22,24.46,23.73
905,9.79,10.58,9.61
906,34.8,35.59,34.52
907,0.59,1.06,0.14
908,29.49,30.26,29.1
909,38.91,39.76,38.67
910,39.26,40.19,38.93
911,41.61,42.59,40.8
912,0.52,1.44,0.46
913,34.03,34.93,33.79
914,14.53,14.77,14.28
915,38.48,38.75,37.98
916,21.21,21.91,21.2
917,5.66,6.23,4.99
918,3.64,4.52,3.37
919,44.54,44.77,43.77
920,1.32,1.81,1.17
921,37.17,37.25,36.66
922,44.45,45.43,44.34
923,36.87,37.85,36.6
924,7.19,7.34,6.79
925,35.23,35.9,35.2
926,23.11,23.97,22.66
927,44.05,44.66,43.79
928,42.91,43.21,42.86
929,2.9,3.2,2.16
930,27.06,27.73,26.73
931,24.14,24.78,23.44
932,0.45,1.34,-0.47
933,27.72,28.21,27.27
934,31.83,32.07,31.27
935,45.14,45.24,44.67
936,6.68,6.9,5.78
937,48.39,48.59,47.96
938,19.72,20.2,18.79
939,13.94,14.39,13.76
940,28.54,29.29,28.53
941,39.02,39.23,38.93
942,9.86,10.42,9.53
943,20.87,21.82,20.59
944,14.85,15.75,14.81
945,18.81,18.94,18.38
946,16.02,16.64,15.57
947,24.18,24.4,23.59
948,15.08,15.86,14.44
949,20.73,21.09,19.99
950,16.94,17.21,16.48
951,24.26,24.7,24
952,24.76,25.13,23.78
953,23.79,23.96,23.03
954,0.96,1.38,0.27
955,11.54,11.99,11.3
956,27.15,27.97,26.23
957,14.7,15.18,14.26
958,13.8,14.71,13.5
959,37.25,37.45,36.44
960,27,27.35,26.94
961,31.01,31.82,30.3
962,49.25,50.1,48.64
963,13.7,14,13.17
964,44.91,45.84,44.56
965,12.18,12.43,11.73
966,29.61,29.73,29.41
967,36.05,36.21,35.08
968,34.34,34.68,34.08
969,9.32,9.71,9.05
970,1.48,1.94,0.59
971,31.8,32,31.25
972,49.53,50.37,48.84
973,20.4,20.66,19.47
974,41.77,42.63,40.85
975,29.64,30.05,28.98
976,34.01,34.96,33.57
977,15.58,16.11,15.17
978,16.14,16.53,15.45
979,42.05,42.65,41.67
980,47.71,48.25,47.34
981,24.6,25.43,24.25
982,42.81,43.58,42.77
983,22.34,23.24,22.07
984,33.41,33.48,32.65
985,32.52,33.01,31.97
986,20.65,21.53,20.09
987,20.94,21.61,20.24
988,3.11,3.88,2.88
989,9.86,10.49,9.76
990,36.94,37.09,36.9
991,27.88,28.02,27.78
992,35.57,36.08,35.15
993,13.77,14.43,13.18
994,32.32,32.58,32.23
995,41.41,41.78,40.75
996,26.32,27.18,26.15
997,3.21,4.14,2.52
998,35.5,35.75,35
999,35.52,35.92,34.77
1000,32.81,33.28,32.06
1001,39.05,39.9,38.96
1002,18.27,18.37,17.35
1003,11.62,11.9,10.96
1004,37.16,38.07,36.89
1005,39.39,39.4,38.83
1006,15.72,16.5,15.06
1007,25.32,26.17,24.59
1008,36.58,36.91,36.31
1009,49.36,50.31,48.61
1010,19.01,19.68,18.36
1011,10.19,10.33,9.42
1012,21.74,22.46,21.09
1013,0.92,0.98,0.34
1014,18.71,19.11,18.57
1015,48.07,48.41,47.97
1016,36,36.99,35.98
1017,23.38,23.6,22.45
1018,36.46,37.11,35.88
1019,7.05,8.04,6.95
1020,36.46,36.99,36.37
1021,26.44,27.01,25.58
1022,12.32,12.35,11.8
1023,33.6,33.99,33.36
1024,18.52,19.45,17.89
1025,8.74,9.68,8.56
1026,19.05,19.65,18.78
1027,40.65,41,40.61
1028,33.26,33.28,32.68
1029,14.31,14.84,13.75
1030,7.41,7.89,7.28
1031,9.96,10.61,9.4
1032,29.8,30.4,29.56
1033,12.51,12.74,11.57
1034,23.49,23.5,23.28
1035,17.53,18,17.13
1036,26.3,26.4,25.96
1037,20.45,21.08,19.85
1038,8.4,9.16,7.4
1039,0.85,1.43,0.23
1040,8.4,9.03,7.7
1041,10.5,11.31,10.42
1042,42.47,43.2,41.71
1043,16.27,16.96,15.97
1044,11.23,11.77,11.01
1045,11.1,11.7,10.93
1046,29.04,29.49,28.77
1047,1.24,1.45,0.93
1048,43.87,44.32,43.13
1049,17.82,18.56,17.1
1050,42.65,43.29,42.55
1051,47.7,48.52,47.38
1052,45.31,45.89,44.46
1053,6.38,6.84,6.05
1054,44.85,45.79,44.28
1055,39.22,39.35,38.28
1056,6.95,7.47,6.36
1057,38.38,38.82,38.17
1058,37.83,38.27,37.63
1059,31.51,31.9,31.5
1060,35.31,36.24,34.63
1061,9.82,10.51,9.03
1062,38.71,39.33,38.43
1063,6.15,6.73,5.77
1064,9.66,10.16,9.58
1065,20.11,20.19,19.83
1066,39.1,39.7,38.89
1067,36.78,37.76,36.53
1068,6.23,6.74,5.27
1069,29.53,29.62,28.86
1070,47.97,48.48,47.38
1071,48.94,49.47,48.4
1072,44.42,44.63,44.01
1073,22.07,22.99,21.18
1074,18.06,18.45,17.2
1075,10.02,10.09,9.37
1076,41.66,42.58,41.23
1077,1.67,2.3,0.84
1078,9.79,10.55,9.77
1079,28.25,29.04,27.26
1080,39.8,40.65,39.79
1081,6.55,6.95,5.6
1082,41.2,42.15,40.41
1083,15.67,15.76,15.36
1084,23.88,24.48,23.85
1085,31.46,31.7,31.44
1086,35.61,36.01,35.21
1087,7.03,7.87,6.78
1088,46.88,47.09,46.11
1089,17.34,17.67,16.35
1090,25.18,25.72,24.79
1091,47.12,47.51,46.59
1092,39.13,39.29,38.85
1093,37.57,38.16,36.73
1094,33.9,34.84,33.8
1095,12.38,13.21,12.34
1096,8.41,8.97,8.27
1097,17.62,18.03,17.52
1098,3.52,3.79,2.81
1099,25.67,26.56,25.08
1100,23.35,23.83,23.2
1101,38.22,38.38,37.98
1102,45.96,46.69,45.26
1103,32.87,33.47,32.39
1104,20.96,21.37,20.57
1105,33.43,34.42,33.34
1106,0.56,0.68,0.56
1107,20.9,21.46,20.31
1108,32.46,32.93,32.38
1109,20.77,21.43,20.08
1110,17.5,18.01,16.68
1111,29.76,30.3,28.8
1112,5,5.6,4.66
1113,2.23,3.22,2.13
1114,4.72,5.64,4.03
1115,46.84,47.15,46.76
1116,16.08,16.74,15.38
1117,19.14,19.49,18.59
1118,21.01,21.64,20.98
1119,34.88,35.2,34.57
1120,23.25,23.63,22.93
1121,45.51,45.81,44.75
1122,29.44,29.55,28.74
1123,48.76,49.39,48.34
1124,13.67,14.07,13.36
1125,13.17,14.16,12.83
1126,40.93,41.86,40.88
1127,22.96,23.77,21.98
1128,22.76,23.41,22.16
1129,2.37,2.73,2.35
1130,4.94,5.22,4.75
1131,30.09,30.64,29.98
1132,47.65,47.84,46.79
1133,23.35,23.61,22.77
1134,2.64,3.1,2.3
1135,34.99,35.56,34.83
1136,43.39,43.77,43.11
1137,28.42,29.27,27.74
1138,5.89,6.74,5.11
1139,1.59,1.84,0.78
1140,38.1,38.24,37.77
1141,7.95,7.98,7.4
1142,30.73,31.27,30.71
1143,8.51,8.95,7.58
1144,46.44,46.6,46.04
1145,39.56,39.98,38.91
1146,35.82,36.63,35.09
1147,3.52,3.98,3.3
1148,37.45,38.34,36.59
1149,39.76,40.63,39.75
1150,45.83,46.68,45.62
1151,46.87,47.66,46.04
1152,10.74,11.67,10.7
1153,14.25,14.64,13.66
1154,48.58,49.24,47.8
1155,21.61,22.48,20.71
1156,37.41,38.36,36.81
1157,43.66,44.41,43.3
1158,17.56,18.19,16.75
1159,3.75,4.05,2.77
1160,26.47,27.05,25.65
1161,5.55,6.52,4.69
1162,20.54,20.95,20.24
1163,39.87,40.49,39.87
1164,22.41,22.62,21.57
1165,1.58,1.86,0.87
1166,48.21,49.02,47.48
1167,9.26,9.59,9.18
1168,32.5,32.51,32.11
1169,39.27,40.04,38.61
1170,24.12,24.3,24.05
1171,28.45,28.58,27.87
1172,39.61,39.73,39.01
1173,27.74,28.21,27.54
1174,22.45,22.69,22.35
1175,8.28,8.49,8.13
1176,33.84,34.29,33
1177,48.25,49.14,47.65
1178,14.68,14.97,14.03
1179,46.58,47.26,46
1180,33.57,34.44,33.47
1181,25.24,26.23,24.44
1182,37.32,37.4,36.9
1183,5.43,5.96,5.22
1184,12.2,12.52,11.97
1185,4.34,4.79,4.09
1186,16.36,16.59,15.48
1187,34.27,34.32,33.39
1188,29.39,29.59,28.71
1189,19.55,19.6,19.16
1190,0.82,1.23,0.13
1191,18.82,19.41,18.31
1192,16.53,16.95,15.72
1193,18.42,19.06,17.58
1194,18.31,18.66,18.08
1195,46.58,47.31,46.29
1196,3.01,3.75,2.01
1197,34.8,35,34.41
1198,24.24,24.7,23.94
1199,18.96,19.95,18.25
1200,20.41,21.28,19.61
1201,0.25,0.68,0.1
1202,2.68,3.29,1.77
1203,45.06,45.82,44.64
1204,34.98,35.96,34.34
1205,36.35,36.5,36.15
1206,41.68,42.3,41.57
1207,27.59,27.97,26.72
1208,33.93,34.36,33.8
1209,29.28,29.79,28.69
1210,47.33,47.39,46.96
1211,10.07,10.96,9.56
1212,44.22,44.71,43.51
1213,22.77,23.17,22.47
1214,23.17,23.97,23.04
1215,0.9,1.86,-0.02
1216,17.92,18.53,17.05
1217,23.27,24.19,22.59
1218,24.47,24.51,23.73
1219,15.52,16.2,14.9
1220,46.35,46.89,46.35
1221,5.36,6.28,4.48
1222,4.02,4.6,3.22
1223,44.2,44.64,43.48
1224,35.56,36.14,35.39
1225,12.86,13.1,12.08
1226,20.39,20.79,19.61
1227,47.23,47.65,46.51
1228,28.43,28.75,28.02
1229,34.2,34.56,33.37
1230,42.7,43.63,42.59
1231,9.67,10.63,9.45
1232,5.38,6,4.8
1233,40.57,40.86,39.96
1234,6.64,7.5,6.17
1235,49.42,50.16,49.2
1236,32.48,33.17,32.47
1237,26,26.66,25.77
1238,13.22,13.59,13.09
1239,27.84,28.64,27.23
1240,22.68,23.1,21.91
1241,39.63,39.83,39.25
1242,6.63,7.42,5.71
1243,7.07,8.05,6.62
1244,20.06,20.38,19.76
1245,18.33,19.29,17.74
1246,24.74,24.93,24.45
1247,11.5,11.5,10.98
1248,18.58,19.42,18.56
1249,21.06,21.69,20.59
1250,12.4,13.18,12.38
1251,40.54,41.48,39.84
1252,27.49,28.22,27.44
1253,19.47,20.4,18.68
1254,2.99,3.82,2.44
1255,6.22,6.89,5.69
1256,35.22,35.68,35.03
1257,21.84,22.33,21.58
1258,42.84,43.05,42.49
1259,21.83,22.35,21.17
1260,10.89,11.1,10.84
1261,4.21,4.33,3.37
1262,25.89,26.18,25.34
1263,7.89,8.1,7.23
1264,17.72,18.23,16.77
1265,2.3,2.53,2.19
1266,35.12,35.3,34.64
1267,18.51,19.45,17.83
1268,6,6.9,6
1269,10.5,11.21,9.64
1270,45.6,46.51,45.33
1271,44.55,45.22,43.56
1272,37.28,37.35,36.4
1273,6.71,7.08,6.7
1274,36.17,36.52,35.23
1275,37.87,37.97,37.81
1276,5.99,6.23,5.44
1277,28.64,29.13,28.29
1278,38.08,38.35,37.14
1279,46.01,46.16,45.05
1280,27.28,28.01,26.51
1281,10.84,11.06,10.08
1282,13.49,14.43,13.1
1283,15.38,15.98,15
1284,15.52,16.01,14.7
1285,37.9,38.89,37.8
1286,40.78,41.67,40.59
1287,38.83,39.11,38.75
1288,46.48,47.14,46.07
1289,28.82,29.51,28.81
1290,43.65,44.14,43.02
1291,4.83,4.86,4.55
1292,37.65,38.58,37.62
1293,8.69,9.51,8.1
1294,20.63,21.54,20.04
1295,48.88,49.55,48.14
1296,46.43,46.92,45.92
1297,15.56,16.3,15.39
1298,29.87,30.54,29.15
1299,1.03,1.08,0.3
1300,14.36,15.06,13.55
1301,41.87,42.18,41.31
1302,17.44,18.15,16.89
1303,10.09,10.22,9.82
1304,45.32,45.99,44.71
1305,17.04,17.05,16.04
1306,25.82,26.1,25.49
1307,19.55,19.56,18.73
1308,22.49,22.97,22.08
1309,35.51,35.6,35.28
1310,18.45,19.33,18
1311,43.07,43.11,42.47
1312,38.65,39.58,37.91
1313,12.87,13.56,12.01
1314,34.05,34.43,33.72
1315,18.82,19.53,18.34
1316,30.3,30.38,29.55
1317,21.29,21.59,21.22
1318,46.66,47.4,46.55
1319,25.54,25.74,25.2
1320,27.47,27.96,27.2
1321,36.11,36.62,35.96
1322,12.3,12.74,11.33
1323,14.16,15.05,13.79
1324,0.99,1.25,0.11
1325,27.96,28.33,27.09
1326,23.51,23.55,23.25
1327,40.14,40.66,39.48
1328,24.07,24.45,23.28
1329,2.31,3.04,2.01
1330,6.27,7.1,5.34
1331,34.91,35.55,34.44
1332,32.29,33.21,31.7
1333,11.81,12.34,11.04
1334,21.73,22.4,21.45
1335,40.17,40.92,40.08
1336,21.03,21.62,20.94
1337,23.76,23.8,23.03
1338,8.32,8.44,7.78
1339,17.19,17.98,16.78
1340,0.09,0.16,-0.34
1341,34.56,35.09,33.71
1342,4.4,5.17,3.86
1343,22.32,23.11,21.37
1344,19.8,20.14,19.2
1345,19.78,20.39,19.37
1346,10.09,10.42,9.77
1347,11.12,11.78,10.48
1348,1.76,1.97,1.52
1349,16.73,16.96,16.33
1350,38.06,38.14,38.04
1351,9.22,10,8.9
1352,33.5,33.77,33.17
1353,24.31,24.76,24.11
1354,16.79,17.58,16.66
1355,23.89,23.91,23.68
1356,46.23,46.84,45.73
1357,36.07,36.37,35.26
1358,7.22,7.8,6.67
1359,4.03,4.93,3.5
1360,19.5,20.42,18.78
1361,22.41,22.53,21.51
1362,31.98,32.02,31.53
1363,34.66,35.05,34.28
1364,48.52,49.22,47.62
1365,30.87,31.78,30.45
1366,46.58,47.22,46.06
1367,49.91,50.08,49.06
1368,12.23,12.44,12.17
1369,35.76,35.92,35.21
1370,19.64,20.11,18.76
1371,20.39,20.48,19.6
1372,1.19,2,0.42
1373,37.07,37.95,36.27
1374,24.79,24.84,24.49
1375,25.79,26.33,25.3
1376,42.5,42.65,41.77
1377,14.28,14.67,13.92
1378,6.43,6.71,6.41
1379,6.05,6.37,5.21
1380,46.02,46.85,45.14
1381,18.38,19.3,17.61
1382,12.66,13.33,12.05
1383,20.04,20.15,19.74
1384,45.83,46.54,45.02
1385,39.79,40.62,39.09
1386,3.12,3.13,2.48
1387,41.95,42.37,41.55
1388,1.55,2.1,0.57
1389,39.06,39.87,38.75
1390,24.49,24.91,24.3
1391,10.51,10.97,9.53
1392,10.16,10.61,10.09
1393,17.2,17.46,16.34
1394,28.11,28.65,27.34
1395,47.71,48.5,47.56
1396,39.87,40.76,39.64
1397,47.99,48.24,47.97
1398,2.45,2.76,1.85
1399,2.85,3.55,2.06
1400,37.26,37.28,36.78
1401,8.41,9.38,7.65
1402,13.91,14.66,13.72
1403,43.93,44.08,43.31
1404,31.28,31.63,30.63
1405,21.63,21.89,21.04
1406,39.07,39.8,38.25
1407,8.17,8.35,7.88
1408,27.24,27.74,26.53
1409,15.03,15.24,14.15
1410,34.66,34.99,34.19
1411,7.43,8.23,7.06
1412,23.13,24.05,22.76
1413,24.46,24.58,24.4
1414,20.68,20.78,20.25
1415,14.34,14.76,13.51
1416,13.17,13.91,12.95
1417,35.29,35.33,35.06
1418,30.65,31.41,30.58
1419,36.23,36.4,35.94
1420,17.03,17.7,16.23
1421,15.38,15.98,14.83
1422,26.2,26.93,26.15
1423,16.18,17.11,15.9
1424,30.67,30.81,30.31
1425,27.39,28.18,26.51
1426,19.91,20.77,19.5
1427,31.89,32.66,31.4
1428,8.05,8.84,7.82
1429,47.39,48.01,47.15
1430,18.02,18.15,17.57
1431,17.89,18.8,16.95
1432,27.54,27.64,27.51
1433,21.21,21.81,21.02
1434,6.11,6.75,5.79
1435,48.2,48.92,47.23
1436,5.19,5.28,4.64
1437,35.23,36.01,34.64
1438,39.23,39.94,38.72
1439,29.43,30.22,28.54
1440,28.87,29.6,28.31
1441,40.26,40.46,39.97
1442,4.94,5.49,4.07
1443,6.45,6.67,6.41
1444,26.79,27.26,26.77
1445,13.81,14.21,12.89
1446,24.9,25.03,24.35
1447,24.44,25.43,24.11
1448,1.79,2.51,1.46
1449,9.05,9.38,8.76
1450,31.54,31.8,31.53
1451,41.68,41.76,40.78
1452,38.54,39.25,38.2
1453,39.53,39.92,38.95
1454,15.82,16.05,15.04
1455,42.96,42.97,42.47
1456,42.98,43.66,42.52
1457,40.48,40.87,40.41
1458,4.96,5.59,4.7
1459,22.38,23.11,21.62
1460,2.7,3.07,2.03
1461,7.68,8.64,6.74
1462,49.7,49.72,49.28
1463,42.87,43.7,42.3
1464,34.39,35.38,33.92
1465,4.51,4.81,4.06
1466,35.58,36.42,34.9
1467,27.19,27.77,26.38
1468,6.51,7.35,6.38
1469,2.57,3.36,2.37
1470,6.27,6.82,6.14
1471,17.94,18.88,17.12
1472,40.56,40.59,40.56
1473,43.01,43.42,42.56
1474,26.47,26.95,25.61
1475,33.07,33.31,33.03
1476,25.65,25.72,24.68
1477,47.75,48.61,47.69
1478,25.23,25.7,24.9
1479,5.66,6.22,5.62
1480,9.91,10.61,9.15
1481,22.34,23.26,21.38
1482,35.53,35.74,34.54
1483,4.77,4.83,4.44
1484,26.39,26.69,25.42
1485,40.02,40.75,39.97
1486,21,21.68,20.94
1487,13.05,13.49,12.76
1488,40.96,41.59,40.33
1489,5.2,5.88,4.41
1490,7.84,8.64,6.98
1491,26.63,27.09,26.06
1492,36.52,37.27,35.85
1493,21.17,21.2,20.41
1494,27.23,27.41,26.23
1495,18.41,19.26,17.82
1496,4.05,4.68,3.64
1497,42.55,43.3,41.6
1498,44.49,44.76,43.54
1499,17.04,17.33,16.26
1500,16.63,16.81,15.84
1501,20.69,20.87,20.28
1502,7.84,7.87,6.9
1503,36.88,37.4,36.63
1504,24.52,25.08,23.86
1505,48.65,49.29,47.88
1506,42.7,43.65,41.73
1507,24.37,24.91,24.05
1508,1.73,1.88,1.6
1509,43.28,44.03,42.72
1510,32.86,33.09,32.67
1511,17.2,17.52,16.52
1512,0.16,0.46,-0.6
1513,23.05,23.33,22.3
1514,7.07,7.45,6.84
1515,28.21,28.54,28.01
1516,47.13,47.88,46.18
1517,5.79,5.92,5.08
1518,39.97,40.74,39.06
1519,49.55,50,48.66
1520,30.4,30.77,29.78
1521,8.01,8.76,7.6
1522,14.71,14.99,14.16
1523,21.96,22.06,21.22
1524,39.43,39.7,38.63
1525,1.71,1.83,0.95
1526,25.53,26.22,24.87
1527,20.92,21.06,20.61
1528,46.12,47.09,45.16
1529,1.31,2.07,0.55
1530,33.05,33.08,32.96
1531,10.67,11.36,10.4
1532,41.39,41.79,40.78
1533,17.9,18.79,17.5
1534,31.45,32.16,31.3
1535,30.29,30.39,30.14
1536,40.12,40.75,39.94
1537,0.09,0.42,-0.41
1538,13.03,13.16,12.95
1539,19.66,20.36,19.06
1540,10.49,11.27,9.88
1541,15.8,16.66,15.39
1542,41.13,41.46,40.93
1543,38.54,39.01,38.45
1544,39.29,40.04,38.96
1545,17.05,17.75,16.97
1546,31.19,32.16,30.97
1547,24.58,25.17,23.97
1548,23.43,24.23,23.32
1549,18.06,18.1,17.19
1550,38.2,38.41,38.17
1551,40.49,40.73,39.82
1552,37.65,38.21,36.69
1553,5.83,6.69,5.35
1554,34.4,34.66,34.35
1555,6.9,7.47,6.54
1556,20.41,21.33,19.93
1557,34.75,34.8,33.95
1558,37.4,37.95,36.88
1559,38,38.31,37.8
1560,25.02,26,24.18
1561,27.95,28.15,27.01
1562,32.68,32.69,32.62
1563,45.85,46.62,45.77
1564,49.76,50.69,49.54
1565,21.67,22.55,21.47
1566,47.44,48.23,46.84
1567,14.32,14.43,14.29
1568,48.01,48.17,47.21
1569,30.27,30.83,30.08
1570,37.58,38.4,37.57
1571,8.69,9.1,8.55
1572,36.03,37,35.45
1573,2.46,3.39,1.96
1574,40.63,41.29,39.64
1575,24.93,25.16,24.07
1576,45.55,45.7,44.77
1577,35.46,36.23,35.13
1578,47.83,48.44,47.8
1579,19.44,19.83,19.29
1580,32.62,33.52,31.66
1581,36.4,36.61,36.27
1582,42.67,42.89,42.37
1583,11.32,11.87,10.73
1584,23.05,23.11,22.53
1585,47.05,47.68,46.74
1586,32.97,33.85,32.57
1587,34.03,34.43,33.93
1588,10.32,10.72,9.43
1589,8.83,9.3,7.88
1590,43.23,43.32,42.85
1591,49.95,50.03,49.57
1592,6.96,7.03,6.72
1593,42.39,42.5,41.4
1594,18.42,19.33,18.19
1595,43.68,44.13,42.69
1596,25.22,25.72,24.93
1597,9.87,10.63,9.72
1598,0.19,0.73,-0.6
1599,44.06,44.3,43.5
1600,15.13,15.9,14.22
1601,21.38,21.65,20.84
1602,48.66,49.41,48.01
1603,21.08,21.34,20.12
1604,37.38,37.6,36.94
1605,43.26,43.74,42.69
1606,44.98,44.99,44.81
1607,17.12,17.64,16.9
1608,8.1,8.81,7.23
1609,5.1,5.29,4.91
1610,45.58,45.73,45.02
1611,44,44.92,43.62
1612,28.19,28.31,27.77
1613,6.95,7.08,6.62
1614,27.87,28.68,27.25
1615,14.75,15.59,14.06
1616,30.12,30.47,30.01
1617,29.95,30.95,29.43
1618,3.58,3.94,3.55
1619,46.23,46.25,45.31
1620,31.93,32.07,31.88
1621,13.94,14.62,13.02
1622,15.41,16.1,15.24
1623,41.9,42.71,41.57
1624,49.55,49.8,49.07
1625,19.86,20.53,19.77
1626,46.54,46.82,46.08
1627,6.71,7.25,5.78
1628,46.47,47.09,45.62
1629,27.1,27.41,26.28
1630,7.75,7.93,7.26
1631,22.43,22.64,22.35
1632,24.53,25.2,24.3
1633,34.61,34.73,34.39
1634,26.19,26.51,25.8
1635,7.33,7.49,6.88
1636,32.71,33.48,32.4
1637,12.16,12.97,11.71
1638,23.44,24.05,23.35
1639,22.08,22.85,21.22
1640,40.17,40.37,39.29
1641,8.23,8.95,7.35
1642,18.03,18.22,17.98
1643,15.01,15.53,15
1644,25.2,25.47,24.47
1645,23.21,23.37,22.46
1646,1.54,2.08,0.67
1647,36.84,37.37,36.52
1648,8.04,8.25,7.37
1649,12.89,13.13,12.12
1650,42.84,43,42.39
1651,44.35,45.31,43.9
1652,14.83,15.32,13.86
1653,19.25,19.95,18.48
1654,33.8,34.12,33.1
1655,20.74,21.65,20.04
1656,38.34,38.68,38.1
1657,6.35,6.85,5.82
1658,27.19,27.93,26.25
1659,7.62,8.32,7.33
1660,24.2,24.61,23.99
1661,29.46,29.9,28.84
1662,15.95,16.88,15.29
1663,4.62,5.4,4.49
1664,4.77,5.54,4.72
1665,21.76,22.65,21.6
1666,2.56,2.92,1.61
1667,40.25,40.79,39.9
1668,17.74,18.52,16.76
1669,9.5,9.58,8.83
1670,28.97,29.68,28.46
1671,31.94,32.49,31.37
1672,2.34,2.39,1.67
1673,14.84,15.15,14.81
1674,35.85,36.75,35.5
1675,4.79,5.15,4.66
1676,7.57,7.83,7.54
1677,44.77,45.28,43.94
1678,14.31,14.76,14.06
1679,9.07,9.31,8.17
1680,41.83,42.3,41.16
1681,2.69,3.27,2.67
1682,27.83,28.81,27.19
1683,49.22,50,48.73
1684,31.56,31.73,30.83
1685,49.29,49.8,49.15
1686,18.85,19.39,18.46
1687,1.77,2.38,1
1688,7.5,7.82,6.94
1689,41.6,42.15,41.01
1690,5.16,5.86,4.44
1691,47.38,47.5,46.48
1692,16.74,16.85,16.33
1693,43.71,44.19,43.24
1694,0.84,1.21,0.05
1695,34.28,35.04,34.24
1696,31.45,32.19,30.59
1697,49.56,50.49,49.13
1698,49.08,49.42,48.74
1699,9.14,9.75,8.66
1700,47.56,47.75,46.6
1701,31.47,31.9,30.91
1702,49.64,49.7,49.36
1703,25.61,25.8,25.4
1704,16.88,17,15.99
1705,47.55,47.87,47.08
1706,11.43,12.01,10.64
1707,17.97,18.44,17.31
1708,29.03,29.9,28.52
1709,2.66,3.39,1.91
1710,5.16,6.13,4.67
1711,33.48,33.66,32.86
1712,9.24,10.15,8.88
1713,46.86,47.17,46.2
1714,14.1,14.51,13.8
1715,10.64,10.98,10.39
1716,23.18,23.64,22.98
1717,17.95,18.53,17.82
1718,16.19,17.09,15.77
1719,15.67,16.29,15.32
1720,19.4,20.14,18.79
1721,6.42,6.86,6.33
1722,36.36,36.48,35.71
1723,3.99,4.2,3.77
1724,19.37,20.33,18.62
1725,13.39,13.7,13.09
1726,0.21,0.52,-0.78
1727,29.49,30.14,29.22
1728,29.41,29.45,28.45
1729,32.86,32.87,31.97
1730,13,13.8,12.97
1731,18.25,18.75,17.82
1732,15.16,15.86,15.16
1733,43.78,43.91,43.19
1734,47.15,47.2,46.85
1735,22.78,23.68,22.52
1736,44.84,44.91,44.14
1737,11.48,12.04,10.72
1738,2.64,3.22,1.68
1739,25.74,26.31,25.23
1740,14.72,15.53,13.78
1741,43.17,43.19,42.88
1742,16.96,17.91,16.02
1743,38.23,39.11,38.16
1744,24.85,25,23.94
1745,21.04,21.79,20.17
1746,0.53,1.06,-0.33
1747,9.94,10.39,9.35
1748,33.67,33.85,33.66
1749,47.36,47.59,46.98
1750,5.74,5.88,5.45
1751,49.07,49.33,48.29
1752,48.27,48.37,48.21
1753,13.47,14.33,12.81
1754,49.02,49.13,48.06
1755,29.83,30.6,28.9
1756,4.56,4.64,3.92
1757,25.18,25.9,24.92
1758,32.75,33.63,32.35
1759,13.35,13.98,12.82
1760,26.13,27.05,25.71
1761,39.61,39.93,39.25
1762,20.78,21.09,20.58
1763,1.33,1.68,1.08
1764,32.27,33.26,31.27
1765,17.51,18.26,17.47
1766,7.69,8.12,7.54
1767,29.49,29.62,29.37
1768,1.97,1.99,1.05
1769,37.19,37.51,36.65
1770,26.28,26.82,25.92
1771,35.92,36.4,35.48
1772,31.65,32.02,30.85
1773,33.9,34.55,33.44
1774,11.53,11.91,11.28
1775,46.18,46.31,45.22
1776,17.08,17.51,16.33
1777,36.99,37.46,36.97
1778,27.02,27.93,27.02
1779,41.2,42.16,40.58
1780,47.62,47.81,47.11
1781,17.19,17.22,17.02
1782,49.92,50.62,49.01
1783,46.32,46.37,45.61
1784,38.27,39.12,37.3
1785,14.76,15.14,13.97
1786,46.21,46.44,45.98
1787,7.52,8.38,7.48
1788,11.97,11.99,11.17
1789,42,42.56,41.11
1790,14.22,14.36,13.41
1791,1.46,1.57,0.93
1792,17.65,17.84,16.79
1793,27.77,28.36,27.46
1794,44.68,45.1,44.44
1795,49.45,50.06,48.59
1796,22.96,23,22.55
1797,44.91,45.18,44.6
1798,2.35,2.51,1.63
1799,25.69,25.82,25.37
1800,22.18,22.91,21.44
1801,34.08,34.96,33.44
1802,43.91,44.61,43.2
